id,came_in,came_out
1,08:34:17,08:41:29
2,09:15:50,09:33:59
3,15:39:27,15:51:24
4,14:23:47,14:45:11
5,16:27:50,16:55:13
6,09:06:57,09:24:16
7,12:39:08,12:45:17
8,17:23:12,17:35:50
9,12:09:19,12:39:19
10,13:05:47,13:17:21
11,10:46:21,11:14:09
12,18:00:32,18:26:24
13,18:50:29,19:13:11
14,08:05:32,08:19:25
15,08:58:28,09:07:26
16,10:34:14,11:03:11
17,08:22:27,08:34:57
18,16:00:29,16:14:47
19,13:40:40,13:53:29
20,10:16:05,10:38:17
21,08:21:23,08:33:59
22,12:05:41,12:12:48
23,17:20:48,17:28:20
24,16:21:12,16:44:42
25,18:23:47,18:53:13
26,09:26:44,09:35:46
27,18:01:16,18:14:36
28,17:07:00,17:32:09
29,10:22:52,10:48:03
30,11:36:52,11:44:11
31,12:55:41,13:22:26
32,13:34:35,13:50:12
33,12:51:32,13:02:09
34,08:01:03,08:16:09
35,11:23:56,11:50:20
36,11:17:50,11:47:38
37,12:36:33,12:59:46
38,15:12:33,15:25:03
39,13:43:33,14:02:11
40,10:40:22,11:01:08
41,16:24:08,16:47:08
42,16:10:37,16:31:11
43,12:30:11,12:50:02
44,15:00:52,15:13:13
45,14:08:18,14:26:24
46,15:02:20,15:21:56
47,16:28:02,16:35:27
48,17:12:03,17:33:25
49,12:25:06,12:49:07
50,14:27:53,14:47:16
51,18:11:21,18:21:09
52,11:28:02,11:38:40
53,18:00:16,18:23:12
54,18:33:54,18:43:32
55,16:13:47,16:42:40
56,08:28:39,08:37:49
57,11:43:57,12:07:53
58,15:36:25,15:45:21
59,17:13:58,17:26:27
60,11:40:45,12:04:31
61,15:49:02,16:06:10
62,14:51:39,15:16:15
63,08:31:20,08:47:29
64,14:32:15,14:46:54
65,13:44:48,14:06:37
66,10:03:38,10:31:26
67,09:02:41,09:28:15
68,12:03:02,12:19:36
69,18:49:37,19:09:33
70,10:52:55,11:12:18
71,17:23:21,17:38:53
72,19:13:45,19:29:12
73,15:44:37,15:52:38
74,19:41:27,19:49:20
75,09:40:24,10:02:18
76,12:40:37,13:05:30
77,10:03:59,10:25:46
78,09:43:11,10:01:43
79,15:41:32,16:07:14
80,09:18:54,09:27:59
81,08:29:21,08:53:06
82,12:55:27,13:08:37
83,10:46:35,10:58:10
84,17:15:23,17:38:18
85,12:23:59,12:45:56
86,18:14:34,18:20:53
87,08:16:08,08:30:12
88,09:37:51,09:52:24
89,14:43:21,14:55:01
90,17:21:10,17:32:14
91,11:27:50,11:41:34
92,16:10:32,16:18:08
93,15:47:31,16:06:00
94,18:41:45,18:56:44
95,13:06:35,13:14:05
96,12:44:10,13:01:24
97,14:18:42,14:44:58
98,13:00:28,13:24:26
99,08:01:53,08:20:34
100,11:52:56,12:05:36
101,19:29:47,19:38:51
102,10:14:44,10:29:26
103,17:48:37,18:13:21
104,15:47:31,16:02:09
105,13:54:44,14:00:19
106,19:37:03,19:59:44
107,16:04:44,16:24:16
108,08:31:25,08:51:51
109,18:41:24,18:51:46
110,10:47:08,11:00:34
111,13:47:32,14:04:07
112,12:57:11,13:27:10
113,11:46:42,11:56:15
114,19:09:04,19:37:12
115,15:07:53,15:23:07
116,19:03:10,19:14:42
117,18:54:16,19:16:01
118,16:24:49,16:33:50
119,12:35:06,12:54:15
120,10:57:25,11:09:39
121,16:03:04,16:21:48
122,19:13:28,19:26:54
123,16:19:09,16:28:35
124,13:14:28,13:22:01
125,18:19:47,18:37:01
126,09:22:20,09:37:34
127,17:48:34,18:16:59
128,14:29:54,14:44:09
129,12:49:20,12:56:26
130,15:51:48,16:09:48
131,13:48:34,13:54:41
132,17:34:50,18:02:09
133,09:03:41,09:18:46
134,09:42:11,09:55:08
135,12:24:52,12:36:26
136,09:36:34,09:58:23
137,18:45:14,19:04:57
138,13:07:39,13:29:34
139,16:08:02,16:27:17
140,08:42:42,08:58:40
141,11:14:06,11:41:38
142,08:49:45,09:19:43
143,19:32:52,19:52:33
144,09:07:53,09:22:32
145,18:23:16,18:37:48
146,14:05:09,14:33:09
147,13:52:53,14:16:58
148,19:37:22,19:48:17
149,12:39:27,13:06:16
150,09:27:43,09:36:00
151,19:35:03,19:51:18
152,17:05:12,17:17:58
153,15:41:53,15:49:54
154,14:36:27,14:43:45
155,18:13:12,18:36:16
156,09:46:02,09:53:37
157,15:57:50,16:22:05
158,16:18:39,16:43:12
159,09:29:14,09:49:59
160,12:32:12,12:50:39
161,08:13:26,08:37:40
162,15:48:35,16:04:38
163,12:24:21,12:46:19
164,17:02:31,17:13:47
165,10:40:40,10:54:39
166,10:57:58,11:26:13
167,16:17:55,16:42:49
168,12:42:50,12:54:18
169,11:38:18,12:01:33
170,09:30:36,09:42:33
171,16:23:29,16:32:57
172,18:03:04,18:16:21
173,16:20:08,16:31:18
174,12:52:53,13:20:00
175,12:07:39,12:14:42
176,13:05:31,13:30:44
177,15:14:39,15:43:24
178,19:31:05,19:41:57
179,08:55:23,09:04:19
180,15:12:25,15:20:36
181,18:20:21,18:46:10
182,18:50:03,19:09:03
183,17:13:13,17:18:21
184,12:29:14,12:58:22
185,18:02:36,18:24:17
186,17:06:19,17:25:08
187,17:07:19,17:19:50
188,16:28:21,16:46:30
189,08:59:51,09:18:02
190,12:41:19,12:59:51
191,18:51:12,19:10:42
192,19:04:49,19:19:26
193,18:06:58,18:23:51
194,10:15:06,10:36:20
195,09:15:31,09:31:54
196,13:46:29,13:55:52
197,08:49:46,09:00:05
198,15:53:26,16:16:20
199,14:22:18,14:44:20
200,08:56:18,09:01:19
201,17:38:50,18:02:57
202,16:26:46,16:32:55
203,13:37:12,14:06:08
204,08:20:29,08:48:32
205,09:46:56,10:07:25
206,16:00:19,16:06:41
207,11:58:29,12:09:12
208,18:33:48,18:41:29
209,18:14:02,18:36:31
210,19:08:26,19:21:58
211,16:09:20,16:36:22
212,19:09:05,19:18:43
213,16:34:49,17:01:11
214,08:42:39,09:12:16
215,15:41:49,16:05:35
216,16:54:09,17:09:41
217,14:16:54,14:23:22
218,16:24:30,16:51:29
219,10:18:09,10:32:10
220,11:27:32,11:44:53
221,09:30:16,09:38:17
222,12:09:48,12:37:46
223,18:13:32,18:23:40
224,18:21:08,18:34:12
225,15:04:07,15:19:28
226,11:45:42,12:10:35
227,17:59:12,18:24:42
228,18:58:48,19:27:06
229,17:21:03,17:27:33
230,11:14:26,11:22:39
231,08:22:54,08:49:56
232,14:11:30,14:32:12
233,17:11:46,17:29:40
234,17:36:39,18:04:54
235,12:15:13,12:36:42
236,10:28:50,10:40:20
237,16:05:49,16:11:48
238,17:24:11,17:47:59
239,08:16:24,08:22:23
240,12:55:34,13:14:30
241,13:12:35,13:27:08
242,17:18:14,17:39:25
243,13:41:19,14:11:08
244,14:32:51,14:44:54
245,16:04:59,16:17:35
246,15:46:00,16:14:48
247,14:19:17,14:42:47
248,08:29:43,08:56:35
249,19:16:51,19:32:11
250,16:42:06,17:11:44
251,10:50:00,11:19:47
252,15:54:16,16:21:11
253,13:26:24,13:39:47
254,09:49:57,10:07:32
255,19:29:57,19:52:52
256,16:50:37,17:16:50
257,15:26:26,15:51:44
258,11:08:22,11:18:42
259,18:59:31,19:15:03
260,09:16:30,09:44:52
261,18:06:11,18:12:15
262,12:54:01,13:13:05
263,13:39:08,14:04:10
264,14:57:15,15:18:22
265,18:48:20,19:02:10
266,17:57:14,18:11:18
267,17:48:07,18:09:00
268,08:41:36,09:06:58
269,18:04:18,18:15:37
270,10:37:58,10:58:02
271,11:46:50,12:10:39
272,09:17:20,09:43:28
273,10:49:49,11:01:32
274,12:05:40,12:24:35
275,14:21:05,14:37:56
276,19:15:05,19:41:15
277,11:28:57,11:40:45
278,14:09:01,14:23:00
279,15:35:35,15:55:42
280,19:01:00,19:07:59
281,17:44:08,17:49:47
282,09:39:55,09:48:59
283,15:00:47,15:12:20
284,08:32:00,08:43:52
285,08:54:22,09:17:46
286,18:49:27,19:02:48
287,18:24:04,18:51:24
288,16:30:37,16:55:27
289,11:27:17,11:56:43
290,09:00:43,09:13:02
291,13:57:04,14:02:50
292,09:55:38,10:20:00
293,16:09:03,16:38:30
294,10:34:15,11:02:26
295,19:04:50,19:14:26
296,17:19:47,17:38:37
297,11:40:46,12:04:42
298,18:20:20,18:35:11
299,12:42:33,13:10:29
300,19:06:45,19:20:49
301,09:00:10,09:06:16
302,09:01:18,09:26:44
303,10:13:14,10:25:41
304,18:42:18,19:01:33
305,13:29:23,13:52:55
306,09:48:37,09:55:20
307,11:02:46,11:19:15
308,10:04:40,10:20:35
309,13:37:57,13:49:19
310,09:31:05,09:38:12
311,14:13:51,14:30:15
312,09:53:51,10:22:18
313,19:08:18,19:22:53
314,13:21:57,13:40:34
315,10:12:59,10:22:45
316,13:39:19,13:59:12
317,11:37:36,11:56:47
318,13:53:39,14:09:33
319,09:47:15,10:15:49
320,13:44:41,14:09:45
321,17:51:46,18:13:08
322,08:36:16,08:51:14
323,16:05:04,16:12:43
324,09:18:04,09:45:52
325,18:40:56,19:10:07
326,16:41:58,17:08:31
327,18:02:49,18:19:46
328,13:49:24,13:58:36
329,12:35:09,13:00:50
330,09:08:25,09:22:03
331,08:54:29,09:04:44
332,13:41:43,14:03:30
333,08:36:02,08:52:12
334,18:54:49,19:17:41
335,17:31:28,17:55:55
336,13:30:59,13:46:35
337,11:07:09,11:34:29
338,16:57:11,17:16:31
339,11:44:07,12:11:26
340,17:22:01,17:40:10
341,14:34:50,14:48:27
342,13:31:58,13:39:12
343,16:21:58,16:41:44
344,09:36:44,09:58:46
345,13:01:04,13:20:12
346,08:09:59,08:27:59
347,11:32:27,11:37:53
348,17:37:12,17:57:27
349,11:44:44,11:52:07
350,16:18:49,16:26:42
351,13:43:15,13:59:06
352,09:38:58,10:05:21
353,14:19:48,14:49:18
354,17:04:29,17:14:19
355,17:49:10,18:06:47
356,08:19:50,08:49:24
357,08:58:24,09:05:45
358,15:31:26,16:00:33
359,11:31:44,11:57:19
360,12:00:26,12:26:22
361,17:58:02,18:05:33
362,16:57:35,17:05:56
363,09:27:00,09:36:17
364,09:44:19,10:12:25
365,18:28:32,18:54:33
366,15:34:16,15:44:06
367,19:30:03,19:44:06
368,14:55:06,15:20:43
369,14:56:53,15:07:26
370,18:10:58,18:40:42
371,09:03:17,09:15:39
372,09:36:15,10:03:56
373,18:42:58,18:52:02
374,12:59:55,13:16:25
375,10:11:28,10:28:17
376,08:20:14,08:43:27
377,14:59:29,15:14:12
378,11:21:31,11:40:09
379,09:04:57,09:26:13
380,09:35:09,10:03:42
381,11:37:07,12:02:36
382,17:16:37,17:35:57
383,11:01:17,11:29:13
384,13:43:42,14:04:17
385,10:31:39,10:58:07
386,09:30:04,09:51:17
387,14:20:12,14:33:15
388,13:08:46,13:20:49
389,15:26:21,15:44:45
390,09:41:51,09:57:52
391,15:11:14,15:38:16
392,08:41:52,08:50:08
393,09:28:13,09:52:30
394,19:15:03,19:44:43
395,14:16:35,14:27:43
396,14:11:50,14:17:53
397,19:39:55,19:51:26
398,18:54:40,19:19:21
399,13:11:07,13:25:19
400,11:16:38,11:43:44
401,19:24:13,19:52:27
402,18:35:57,18:58:59
403,17:21:40,17:34:22
404,13:22:24,13:39:02
405,15:11:50,15:21:16
406,17:29:04,17:46:28
407,08:47:21,09:16:09
408,14:39:08,14:59:33
409,19:26:51,19:34:54
410,12:28:38,12:37:47
411,10:00:11,10:10:15
412,15:36:09,15:56:03
413,14:23:28,14:39:02
414,18:11:56,18:25:18
415,08:52:34,09:09:42
416,12:35:29,12:58:06
417,14:15:40,14:29:23
418,10:56:08,11:12:43
419,11:30:02,11:42:51
420,11:21:31,11:30:16
421,15:20:22,15:49:29
422,16:16:02,16:32:06
423,08:11:48,08:32:23
424,09:31:07,09:54:59
425,12:20:25,12:41:53
426,14:48:34,15:09:24
427,14:10:46,14:16:08
428,12:28:05,12:38:49
429,10:38:04,11:02:06
430,17:31:42,17:49:37
431,12:36:52,13:05:09
432,12:50:44,12:59:25
433,17:41:12,18:11:12
434,11:46:20,12:00:23
435,08:56:19,09:24:42
436,12:51:32,12:56:37
437,10:16:45,10:34:56
438,16:30:29,16:46:27
439,12:36:39,12:56:04
440,10:38:17,10:47:06
441,12:58:58,13:13:29
442,08:12:35,08:21:24
443,15:24:16,15:31:27
444,12:45:00,13:09:29
445,19:05:16,19:25:31
446,11:44:47,12:00:07
447,12:19:55,12:34:59
448,12:07:50,12:22:04
449,12:56:33,13:19:06
450,12:51:54,13:18:00
451,12:28:31,12:40:00
452,16:42:00,17:01:31
453,16:55:42,17:04:43
454,17:29:30,17:59:02
455,18:00:26,18:18:46
456,17:29:48,17:42:00
457,19:15:04,19:37:19
458,11:52:53,12:06:23
459,16:36:45,16:52:37
460,15:04:46,15:32:01
461,09:59:00,10:13:50
462,10:44:38,11:10:40
463,13:12:01,13:30:09
464,09:07:40,09:17:43
465,10:06:56,10:15:32
466,10:10:33,10:34:05
467,16:12:32,16:39:41
468,19:35:19,19:45:44
469,13:27:39,13:33:56
470,15:08:35,15:21:11
471,08:26:01,08:32:49
472,14:39:07,14:46:50
473,17:46:11,18:01:26
474,14:22:55,14:51:53
475,11:07:42,11:21:07
476,12:34:38,13:01:44
477,08:40:31,08:46:27
478,08:26:01,08:40:40
479,12:40:40,13:09:03
480,14:09:56,14:22:37
481,10:05:46,10:17:30
482,18:20:45,18:32:03
483,19:32:27,19:42:48
484,12:35:42,13:01:16
485,11:51:11,11:59:33
486,09:08:41,09:21:39
487,10:15:21,10:22:12
488,18:02:16,18:29:40
489,15:44:58,15:57:53
490,15:57:51,16:17:34
491,09:08:31,09:23:40
492,12:32:25,12:43:54
493,12:36:30,12:56:33
494,17:45:49,18:02:31
495,16:58:27,17:23:01
496,17:34:59,17:42:31
497,10:54:33,11:23:56
498,15:01:20,15:10:49
499,09:50:20,10:04:52
500,15:17:14,15:31:07
501,13:45:03,13:53:08
502,12:46:50,12:58:03
503,11:05:27,11:31:42
504,17:39:53,18:02:22
505,17:27:37,17:37:17
506,14:01:30,14:29:07
507,09:52:50,10:04:55
508,16:20:34,16:32:51
509,19:11:22,19:24:10
510,08:35:28,08:46:02
511,11:55:12,12:10:57
512,18:08:31,18:30:45
513,11:22:17,11:47:54
514,13:34:28,14:02:10
515,10:57:44,11:03:58
516,18:27:40,18:49:57
517,10:33:01,10:44:15
518,18:46:54,18:59:59
519,19:22:59,19:30:50
520,14:50:53,15:17:28
521,09:41:11,10:06:59
522,08:47:02,09:14:30
523,09:10:13,09:29:53
524,17:47:32,17:55:02
525,11:16:36,11:36:08
526,18:43:32,19:08:12
527,09:50:19,10:06:48
528,14:19:27,14:43:40
529,19:30:42,19:36:59
530,17:04:59,17:26:17
531,17:52:04,18:18:09
532,17:28:43,17:44:22
533,14:38:20,15:04:17
534,14:14:10,14:35:34
535,17:21:45,17:50:23
536,17:38:02,18:00:24
537,14:16:08,14:41:53
538,12:06:50,12:12:39
539,18:21:38,18:40:16
540,14:58:33,15:13:29
541,10:25:21,10:50:12
542,18:01:28,18:25:47
543,13:16:23,13:45:08
544,15:33:00,15:42:41
545,17:50:25,18:10:51
546,12:39:36,12:51:55
547,10:50:13,11:07:41
548,08:48:37,08:59:25
549,11:13:43,11:38:41
550,12:24:19,12:43:19
551,09:44:17,09:56:20
552,16:00:00,16:23:24
553,14:06:50,14:15:03
554,10:07:01,10:12:59
555,15:17:30,15:47:09
556,12:12:04,12:28:44
557,18:07:23,18:14:11
558,18:57:51,19:09:36
559,17:49:58,18:19:37
560,19:39:37,19:49:05
561,12:20:49,12:35:49
562,15:06:23,15:31:53
563,09:22:38,09:37:57
564,16:37:00,16:49:13
565,16:30:52,16:46:33
566,18:37:08,19:03:21
567,16:38:24,17:03:16
568,12:36:45,12:45:35
569,09:28:46,09:51:58
570,13:44:10,13:49:25
571,13:03:13,13:13:19
572,12:07:24,12:35:35
573,08:56:12,09:14:11
574,18:13:47,18:32:05
575,08:59:41,09:23:35
576,15:13:52,15:34:16
577,11:53:04,12:19:54
578,12:58:32,13:26:47
579,09:16:07,09:39:45
580,08:51:52,09:17:06
581,13:54:01,14:18:08
582,13:29:56,13:42:52
583,08:30:04,08:53:49
584,16:07:28,16:30:06
585,15:38:51,15:59:46
586,14:25:18,14:44:42
587,14:18:54,14:32:22
588,11:40:17,11:55:32
589,11:02:12,11:21:33
590,14:26:55,14:41:10
591,15:15:50,15:40:27
592,17:12:44,17:35:15
593,17:12:27,17:42:02
594,18:30:37,18:40:51
595,16:25:20,16:38:17
596,13:11:12,13:36:34
597,10:12:16,10:18:01
598,18:36:30,19:00:43
599,10:12:55,10:32:58
600,18:14:42,18:22:09
601,16:46:56,16:52:28
602,16:12:59,16:41:03
603,18:56:19,19:16:02
604,19:37:15,19:58:52
605,09:21:42,09:38:14
606,10:16:46,10:44:37
607,10:12:58,10:37:03
608,11:49:09,11:57:12
609,18:11:57,18:41:04
610,12:25:30,12:42:02
611,19:02:33,19:13:46
612,11:26:15,11:31:38
613,17:12:05,17:32:37
614,14:26:25,14:47:09
615,09:59:47,10:25:11
616,15:15:18,15:26:00
617,15:27:32,15:35:20
618,15:31:27,15:39:00
619,16:21:38,16:45:54
620,15:54:13,16:07:23
621,14:33:59,14:44:51
622,09:15:05,09:22:48
623,11:49:18,12:12:34
624,12:10:07,12:22:01
625,08:26:21,08:40:30
626,17:31:39,17:44:42
627,11:38:17,12:05:31
628,15:03:53,15:17:45
629,13:06:27,13:28:29
630,18:51:05,19:03:30
631,09:27:55,09:55:56
632,12:39:04,13:03:45
633,08:27:30,08:57:24
634,13:36:36,13:46:18
635,13:10:07,13:28:51
636,17:00:03,17:15:13
637,12:27:13,12:42:19
638,12:22:37,12:35:57
639,11:45:13,11:56:51
640,15:18:28,15:37:26
641,17:04:50,17:21:09
642,16:28:06,16:52:47
643,08:27:23,08:52:46
644,15:07:04,15:12:40
645,15:45:40,16:12:29
646,13:58:34,14:22:24
647,12:12:11,12:17:44
648,19:27:03,19:39:04
649,18:32:57,18:41:46
650,13:09:35,13:23:19
651,18:36:26,18:56:21
652,11:28:35,11:40:39
653,14:18:19,14:23:32
654,18:28:29,18:40:39
655,10:44:06,11:12:51
656,08:41:20,08:52:40
657,11:47:24,12:03:30
658,08:15:00,08:41:04
659,14:20:58,14:30:12
660,15:34:51,15:55:32
661,09:35:58,09:49:49
662,09:05:51,09:32:32
663,08:34:12,08:40:33
664,18:38:21,19:04:23
665,12:15:29,12:38:50
666,15:02:02,15:20:39
667,10:12:57,10:27:32
668,08:25:21,08:32:08
669,09:16:39,09:40:50
670,11:35:31,11:52:56
671,15:17:43,15:47:09
672,16:11:55,16:22:40
673,13:08:48,13:23:24
674,17:36:09,17:48:27
675,15:07:24,15:18:54
676,16:57:38,17:08:32
677,12:59:35,13:16:06
678,19:39:25,19:49:48
679,11:36:10,11:42:47
680,16:20:53,16:42:11
681,15:42:03,15:58:22
682,12:50:45,13:00:52
683,09:02:53,09:22:46
684,14:27:46,14:33:58
685,11:51:56,12:20:26
686,16:46:51,17:07:06
687,14:50:20,15:10:19
688,12:27:29,12:44:29
689,16:59:07,17:10:55
690,14:02:06,14:07:42
691,14:28:27,14:55:14
692,09:05:15,09:10:15
693,11:48:04,11:57:27
694,18:57:36,19:27:14
695,17:21:50,17:29:38
696,12:53:25,13:11:28
697,13:27:02,13:44:04
698,08:43:52,09:09:05
699,19:24:43,19:50:28
700,11:18:38,11:24:40
701,18:16:08,18:34:56
702,15:12:40,15:22:06
703,17:38:44,17:53:39
704,08:59:08,09:22:34
705,17:58:42,18:15:58
706,13:46:55,13:59:21
707,17:40:55,18:07:35
708,19:07:18,19:20:40
709,08:50:25,09:08:40
710,12:30:20,12:41:14
711,14:58:40,15:20:16
712,15:52:49,16:02:56
713,19:27:33,19:56:16
714,16:24:23,16:31:20
715,08:20:18,08:30:45
716,19:11:18,19:27:31
717,15:51:24,16:11:09
718,12:12:40,12:28:41
719,17:53:17,18:09:24
720,09:25:41,09:38:32
721,09:00:56,09:13:16
722,15:23:33,15:48:01
723,18:38:23,18:49:46
724,08:20:45,08:44:40
725,15:34:56,15:58:39
726,19:44:11,19:56:42
727,13:46:29,14:07:10
728,17:17:05,17:37:32
729,10:13:55,10:19:07
730,18:48:37,19:04:48
731,18:29:56,18:55:48
732,14:30:26,14:43:18
733,11:27:00,11:50:58
734,13:49:04,14:06:58
735,08:54:15,09:06:49
736,10:35:32,10:41:34
737,15:05:05,15:26:28
738,17:55:56,18:21:38
739,14:42:52,14:55:50
740,10:00:06,10:16:50
741,16:21:15,16:35:05
742,13:54:49,14:05:37
743,11:27:49,11:48:41
744,17:36:24,17:53:55
745,18:24:35,18:40:18
746,11:35:29,11:55:19
747,13:03:01,13:22:37
748,13:34:10,13:48:36
749,16:39:34,16:54:59
750,12:35:31,12:59:26
751,12:55:02,13:18:41
752,17:31:55,18:01:24
753,15:30:27,15:45:38
754,10:16:31,10:40:54
755,12:52:01,13:13:33
756,19:23:45,19:46:40
757,10:33:33,11:00:35
758,10:33:45,10:45:07
759,18:02:18,18:17:37
760,08:31:41,08:43:28
761,18:35:11,18:59:00
762,10:50:53,11:10:32
763,18:28:58,18:56:21
764,11:35:34,11:40:45
765,17:15:56,17:22:07
766,19:31:16,19:52:04
767,13:04:31,13:29:59
768,09:28:45,09:51:56
769,13:21:02,13:40:41
770,16:50:56,17:04:25
771,08:42:35,08:58:12
772,18:25:48,18:53:40
773,18:36:43,18:46:01
774,12:21:44,12:48:09
775,13:06:30,13:27:25
776,08:19:45,08:44:01
777,16:22:32,16:37:53
778,16:48:33,17:02:34
779,14:01:24,14:08:42
780,09:43:02,09:59:37
781,15:09:31,15:19:07
782,11:51:00,12:03:55
783,09:26:04,09:55:04
784,11:06:39,11:18:58
785,11:28:51,11:48:26
786,08:10:55,08:19:59
787,15:42:07,15:53:43
788,10:08:50,10:22:31
789,12:59:46,13:04:59
790,13:33:49,13:48:29
791,15:17:39,15:47:17
792,12:06:19,12:25:14
793,08:55:18,09:00:28
794,12:58:41,13:11:53
795,13:24:07,13:36:02
796,19:23:02,19:47:47
797,12:29:54,12:49:47
798,10:45:51,11:04:53
799,14:38:20,15:05:19
800,18:13:49,18:27:36
801,17:29:35,17:44:57
802,11:45:29,11:59:14
803,11:52:36,12:05:01
804,11:39:45,11:50:21
805,16:43:41,16:49:45
806,17:11:14,17:40:51
807,09:58:16,10:12:45
808,08:20:11,08:47:18
809,11:59:21,12:06:45
810,09:59:27,10:23:10
811,08:25:06,08:40:07
812,15:52:33,16:02:35
813,19:15:23,19:42:05
814,19:43:52,19:54:32
815,10:49:12,10:55:12
816,12:03:02,12:25:03
817,19:23:31,19:30:16
818,11:50:14,12:09:14
819,12:21:08,12:37:16
820,12:31:52,12:37:47
821,19:34:59,19:40:20
822,10:09:55,10:29:03
823,09:10:37,09:37:32
824,08:16:56,08:27:53
825,17:43:12,18:00:05
826,18:03:10,18:17:52
827,15:29:07,15:55:15
828,08:16:10,08:44:04
829,14:20:03,14:40:57
830,11:22:22,11:43:46
831,11:31:11,11:53:27
832,13:17:41,13:40:16
833,09:31:24,09:56:19
834,09:43:21,10:11:36
835,08:35:08,08:50:06
836,15:03:01,15:29:14
837,16:22:49,16:41:59
838,12:00:36,12:10:13
839,11:35:51,12:01:55
840,17:32:30,17:53:08
841,13:13:47,13:24:13
842,19:21:30,19:50:33
843,13:04:48,13:32:09
844,15:17:27,15:30:58
845,10:39:13,11:00:34
846,11:56:03,12:10:54
847,10:39:15,11:04:05
848,13:50:53,14:05:07
849,17:28:18,17:34:05
850,10:38:08,10:49:26
851,09:34:52,09:41:35
852,16:10:11,16:35:44
853,15:30:58,15:41:35
854,15:36:08,16:02:18
855,08:17:29,08:31:35
856,11:41:53,12:11:45
857,18:46:06,18:52:07
858,11:59:07,12:04:50
859,08:40:39,09:10:27
860,09:39:05,09:59:21
861,09:51:24,10:01:32
862,08:00:18,08:07:24
863,19:16:32,19:32:57
864,18:25:51,18:36:24
865,17:29:59,17:51:56
866,17:29:44,17:43:42
867,12:32:37,12:49:01
868,14:57:43,15:16:42
869,14:20:19,14:26:23
870,10:23:30,10:31:43
871,12:58:14,13:19:43
872,11:33:06,11:52:21
873,08:53:14,09:07:12
874,16:44:45,17:11:33
875,09:03:48,09:16:12
876,17:01:03,17:09:19
877,18:00:05,18:16:30
878,16:41:49,17:05:00
879,09:29:33,09:57:29
880,19:26:48,19:44:59
881,17:58:56,18:19:09
882,18:00:36,18:23:55
883,17:27:28,17:40:24
884,12:30:54,12:38:14
885,08:14:37,08:29:16
886,16:50:57,17:08:52
887,13:10:44,13:37:38
888,09:10:10,09:21:30
889,17:41:43,18:06:59
890,18:20:46,18:32:16
891,11:17:24,11:37:00
892,18:19:22,18:42:29
893,09:12:32,09:34:12
894,12:27:04,12:41:39
895,11:46:34,12:03:14
896,14:09:59,14:23:04
897,09:05:54,09:21:13
898,11:55:26,12:08:37
899,13:03:05,13:09:03
900,11:35:40,11:46:03
901,14:10:44,14:20:54
902,16:34:40,16:42:38
903,15:21:58,15:42:03
904,08:47:09,09:15:18
905,12:35:01,13:02:01
906,10:24:04,10:30:46
907,10:53:56,11:13:33
908,17:26:05,17:34:58
909,18:59:00,19:21:52
910,11:23:00,11:32:06
911,15:18:49,15:43:23
912,15:23:42,15:33:47
913,08:45:37,08:51:23
914,11:07:43,11:14:38
915,15:39:11,16:04:40
916,17:54:21,18:06:08
917,19:10:44,19:26:49
918,15:13:34,15:39:04
919,13:52:51,14:07:08
920,09:26:12,09:44:52
921,18:07:41,18:25:46
922,13:00:32,13:09:14
923,09:32:26,09:44:23
924,16:43:10,17:06:02
925,16:02:04,16:21:31
926,15:29:01,15:47:47
927,19:36:30,19:45:12
928,17:44:00,18:00:46
929,17:37:04,18:01:44
930,11:52:25,12:07:12
931,12:45:00,13:13:32
932,19:03:17,19:15:04
933,13:38:05,14:01:52
934,17:24:18,17:31:45
935,19:31:41,19:51:43
936,19:14:59,19:41:17
937,13:04:43,13:24:13
938,15:21:36,15:37:03
939,09:23:25,09:42:15
940,14:48:28,14:58:34
941,11:49:08,12:16:53
942,10:45:41,11:01:47
943,12:26:50,12:38:41
944,09:54:48,10:04:41
945,18:06:02,18:32:56
946,11:52:02,12:17:20
947,12:56:55,13:13:33
948,16:35:05,16:58:09
949,17:22:46,17:48:10
950,18:32:57,18:40:53
951,15:06:14,15:20:59
952,11:51:55,12:06:26
953,13:50:57,14:20:24
954,18:16:06,18:24:45
955,10:30:24,10:50:16
956,18:29:48,18:37:09
957,10:28:02,10:54:21
958,11:18:30,11:41:48
959,16:09:20,16:19:06
960,17:00:50,17:11:48
961,13:01:08,13:29:31
962,18:46:37,18:58:12
963,13:05:21,13:24:28
964,15:57:46,16:02:53
965,11:27:07,11:48:27
966,12:52:51,13:18:26
967,14:46:07,14:57:19
968,18:14:20,18:30:56
969,08:38:35,08:45:52
970,11:03:19,11:18:23
971,17:36:17,17:55:07
972,17:23:14,17:39:37
973,10:29:49,10:40:22
974,17:23:08,17:47:50
975,18:06:25,18:11:44
976,10:10:28,10:35:43
977,16:05:37,16:32:53
978,11:58:48,12:23:34
979,19:37:23,19:59:36
980,11:40:47,11:51:28
981,15:24:58,15:37:58
982,08:37:57,08:54:40
983,09:14:52,09:20:02
984,11:12:04,11:34:58
985,13:37:32,13:54:24
986,12:35:27,12:55:07
987,14:59:55,15:07:45
988,18:32:53,18:43:28
989,13:22:02,13:35:08
990,12:38:27,12:49:53
991,11:00:12,11:07:44
992,13:24:16,13:29:20
993,12:59:30,13:29:27
994,17:04:19,17:23:51
995,15:34:44,15:49:09
996,11:55:30,12:01:40
997,13:06:01,13:12:13
998,14:42:49,15:01:50
999,12:10:39,12:16:32
1000,11:02:13,11:31:49
